2024/12/27 01:28:02.047, NVIDIA A100-SXM4-40GB, 4 MiB, 40960 MiB, 26
2024/12/27 01:28:02.048, NVIDIA A100-SXM4-40GB, 4 MiB, 40960 MiB, 27
2024/12/27 01:28:02.048, NVIDIA A100-SXM4-40GB, 4 MiB, 40960 MiB, 25
2024/12/27 01:28:02.048, NVIDIA A100-SXM4-40GB, 4 MiB, 40960 MiB, 26
2024/12/27 01:28:12.116, NVIDIA A100-SXM4-40GB, 4 MiB, 40960 MiB, 26
2024/12/27 01:28:12.117, NVIDIA A100-SXM4-40GB, 4 MiB, 40960 MiB, 27
2024/12/27 01:28:12.117, NVIDIA A100-SXM4-40GB, 4 MiB, 40960 MiB, 26
2024/12/27 01:28:12.117, NVIDIA A100-SXM4-40GB, 4 MiB, 40960 MiB, 26
2024/12/27 01:30:04.832, NVIDIA A100-SXM4-40GB, 4 MiB, 40960 MiB, 26
2024/12/27 01:30:04.832, NVIDIA A100-SXM4-40GB, 4 MiB, 40960 MiB, 27
2024/12/27 01:30:04.832, NVIDIA A100-SXM4-40GB, 4 MiB, 40960 MiB, 26
2024/12/27 01:30:05.064, NVIDIA A100-SXM4-40GB, 4 MiB, 40960 MiB, 26
2024/12/27 01:31:02.978, NVIDIA A100-SXM4-40GB, 4 MiB, 40960 MiB, 26
2024/12/27 01:31:02.978, NVIDIA A100-SXM4-40GB, 4 MiB, 40960 MiB, 27
2024/12/27 01:31:02.979, NVIDIA A100-SXM4-40GB, 4 MiB, 40960 MiB, 26
2024/12/27 01:31:02.979, NVIDIA A100-SXM4-40GB, 4 MiB, 40960 MiB, 26
2024/12/27 01:31:31.786, NVIDIA A100-SXM4-40GB, 4 MiB, 40960 MiB, 26
2024/12/27 01:31:32.021, NVIDIA A100-SXM4-40GB, 4 MiB, 40960 MiB, 27
2024/12/27 01:31:32.140, NVIDIA A100-SXM4-40GB, 4 MiB, 40960 MiB, 26
2024/12/27 01:31:32.141, NVIDIA A100-SXM4-40GB, 4 MiB, 40960 MiB, 26
2024/12/27 01:41:41.947, NVIDIA A100-SXM4-40GB, 4 MiB, 40960 MiB, 26
2024/12/27 01:41:41.947, NVIDIA A100-SXM4-40GB, 4 MiB, 40960 MiB, 27
2024/12/27 01:41:41.947, NVIDIA A100-SXM4-40GB, 4 MiB, 40960 MiB, 26
2024/12/27 01:41:41.947, NVIDIA A100-SXM4-40GB, 4 MiB, 40960 MiB, 26
2024/12/27 01:43:31.795, NVIDIA A100-SXM4-40GB, 4 MiB, 40960 MiB, 26
2024/12/27 01:43:31.796, NVIDIA A100-SXM4-40GB, 4 MiB, 40960 MiB, 27
2024/12/27 01:43:31.796, NVIDIA A100-SXM4-40GB, 4 MiB, 40960 MiB, 26
2024/12/27 01:43:31.796, NVIDIA A100-SXM4-40GB, 4 MiB, 40960 MiB, 27
2024/12/27 01:44:16.307, NVIDIA A100-SXM4-40GB, 4 MiB, 40960 MiB, 26
2024/12/27 01:44:16.310, NVIDIA A100-SXM4-40GB, 4 MiB, 40960 MiB, 27
2024/12/27 01:44:16.311, NVIDIA A100-SXM4-40GB, 4 MiB, 40960 MiB, 25
2024/12/27 01:44:16.311, NVIDIA A100-SXM4-40GB, 4 MiB, 40960 MiB, 27
2024/12/27 01:46:13.444, NVIDIA A100-SXM4-40GB, 4 MiB, 40960 MiB, 26
2024/12/27 01:46:13.445, NVIDIA A100-SXM4-40GB, 4 MiB, 40960 MiB, 27
2024/12/27 01:46:13.445, NVIDIA A100-SXM4-40GB, 4 MiB, 40960 MiB, 26
2024/12/27 01:46:13.445, NVIDIA A100-SXM4-40GB, 4 MiB, 40960 MiB, 26
2024/12/27 01:50:11.336, NVIDIA A100-SXM4-40GB, 4 MiB, 40960 MiB, 26
2024/12/27 01:50:11.336, NVIDIA A100-SXM4-40GB, 4 MiB, 40960 MiB, 27
2024/12/27 01:50:11.336, NVIDIA A100-SXM4-40GB, 4 MiB, 40960 MiB, 26
2024/12/27 01:50:11.336, NVIDIA A100-SXM4-40GB, 4 MiB, 40960 MiB, 26
2024/12/27 01:50:21.396, NVIDIA A100-SXM4-40GB, 4 MiB, 40960 MiB, 26
2024/12/27 01:50:21.396, NVIDIA A100-SXM4-40GB, 4 MiB, 40960 MiB, 27
2024/12/27 01:50:21.396, NVIDIA A100-SXM4-40GB, 4 MiB, 40960 MiB, 26
2024/12/27 01:50:21.396, NVIDIA A100-SXM4-40GB, 4 MiB, 40960 MiB, 26
2024/12/27 01:50:31.488, NVIDIA A100-SXM4-40GB, 422 MiB, 40960 MiB, 26
2024/12/27 01:50:31.488, NVIDIA A100-SXM4-40GB, 1304 MiB, 40960 MiB, 27
2024/12/27 01:50:31.488, NVIDIA A100-SXM4-40GB, 1276 MiB, 40960 MiB, 26
2024/12/27 01:50:31.488, NVIDIA A100-SXM4-40GB, 1904 MiB, 40960 MiB, 27
2024/12/27 01:50:41.590, NVIDIA A100-SXM4-40GB, 422 MiB, 40960 MiB, 26
2024/12/27 01:50:41.590, NVIDIA A100-SXM4-40GB, 1304 MiB, 40960 MiB, 27
2024/12/27 01:50:41.591, NVIDIA A100-SXM4-40GB, 1276 MiB, 40960 MiB, 26
2024/12/27 01:50:41.591, NVIDIA A100-SXM4-40GB, 1904 MiB, 40960 MiB, 27
2024/12/27 01:50:51.668, NVIDIA A100-SXM4-40GB, 422 MiB, 40960 MiB, 26
2024/12/27 01:50:51.668, NVIDIA A100-SXM4-40GB, 1304 MiB, 40960 MiB, 27
2024/12/27 01:50:51.668, NVIDIA A100-SXM4-40GB, 1276 MiB, 40960 MiB, 26
2024/12/27 01:50:51.668, NVIDIA A100-SXM4-40GB, 1904 MiB, 40960 MiB, 27
2024/12/27 01:51:01.736, NVIDIA A100-SXM4-40GB, 422 MiB, 40960 MiB, 26
2024/12/27 01:51:01.737, NVIDIA A100-SXM4-40GB, 1304 MiB, 40960 MiB, 27
2024/12/27 01:51:01.737, NVIDIA A100-SXM4-40GB, 1276 MiB, 40960 MiB, 26
2024/12/27 01:51:01.737, NVIDIA A100-SXM4-40GB, 1904 MiB, 40960 MiB, 27
2024/12/27 01:51:11.807, NVIDIA A100-SXM4-40GB, 422 MiB, 40960 MiB, 26
2024/12/27 01:51:11.807, NVIDIA A100-SXM4-40GB, 1304 MiB, 40960 MiB, 27
2024/12/27 01:51:11.808, NVIDIA A100-SXM4-40GB, 1276 MiB, 40960 MiB, 26
2024/12/27 01:51:11.808, NVIDIA A100-SXM4-40GB, 1904 MiB, 40960 MiB, 27
2024/12/27 01:51:21.888, NVIDIA A100-SXM4-40GB, 6656 MiB, 40960 MiB, 26
2024/12/27 01:51:21.889, NVIDIA A100-SXM4-40GB, 3568 MiB, 40960 MiB, 27
2024/12/27 01:51:21.889, NVIDIA A100-SXM4-40GB, 4874 MiB, 40960 MiB, 26
2024/12/27 01:51:21.889, NVIDIA A100-SXM4-40GB, 7436 MiB, 40960 MiB, 27
2024/12/27 01:51:40.608, NVIDIA A100-SXM4-40GB, 4 MiB, 40960 MiB, 26
2024/12/27 01:51:40.609, NVIDIA A100-SXM4-40GB, 4 MiB, 40960 MiB, 27
2024/12/27 01:51:40.609, NVIDIA A100-SXM4-40GB, 4 MiB, 40960 MiB, 26
2024/12/27 01:51:40.609, NVIDIA A100-SXM4-40GB, 4 MiB, 40960 MiB, 27
2024/12/27 01:51:53.939, NVIDIA A100-SXM4-40GB, 4 MiB, 40960 MiB, 26
2024/12/27 01:51:53.939, NVIDIA A100-SXM4-40GB, 4 MiB, 40960 MiB, 27
2024/12/27 01:51:53.939, NVIDIA A100-SXM4-40GB, 4 MiB, 40960 MiB, 26
2024/12/27 01:51:53.939, NVIDIA A100-SXM4-40GB, 4 MiB, 40960 MiB, 26
2024/12/27 01:52:04.057, NVIDIA A100-SXM4-40GB, 4 MiB, 40960 MiB, 26
2024/12/27 01:52:04.057, NVIDIA A100-SXM4-40GB, 4 MiB, 40960 MiB, 27
2024/12/27 01:52:04.057, NVIDIA A100-SXM4-40GB, 4 MiB, 40960 MiB, 25
2024/12/27 01:52:04.057, NVIDIA A100-SXM4-40GB, 4 MiB, 40960 MiB, 26
2024/12/27 01:52:14.126, NVIDIA A100-SXM4-40GB, 422 MiB, 40960 MiB, 26
2024/12/27 01:52:14.127, NVIDIA A100-SXM4-40GB, 1188 MiB, 40960 MiB, 27
2024/12/27 01:52:14.127, NVIDIA A100-SXM4-40GB, 422 MiB, 40960 MiB, 26
2024/12/27 01:52:14.127, NVIDIA A100-SXM4-40GB, 936 MiB, 40960 MiB, 27
2024/12/27 01:52:24.237, NVIDIA A100-SXM4-40GB, 422 MiB, 40960 MiB, 26
2024/12/27 01:52:24.238, NVIDIA A100-SXM4-40GB, 1304 MiB, 40960 MiB, 27
2024/12/27 01:52:24.238, NVIDIA A100-SXM4-40GB, 1276 MiB, 40960 MiB, 26
2024/12/27 01:52:24.238, NVIDIA A100-SXM4-40GB, 1904 MiB, 40960 MiB, 27
2024/12/27 01:52:34.334, NVIDIA A100-SXM4-40GB, 422 MiB, 40960 MiB, 26
2024/12/27 01:52:34.335, NVIDIA A100-SXM4-40GB, 1304 MiB, 40960 MiB, 27
2024/12/27 01:52:34.335, NVIDIA A100-SXM4-40GB, 1276 MiB, 40960 MiB, 26
2024/12/27 01:52:34.335, NVIDIA A100-SXM4-40GB, 1904 MiB, 40960 MiB, 27
2024/12/27 01:52:44.397, NVIDIA A100-SXM4-40GB, 422 MiB, 40960 MiB, 26
2024/12/27 01:52:44.397, NVIDIA A100-SXM4-40GB, 1304 MiB, 40960 MiB, 27
2024/12/27 01:52:44.397, NVIDIA A100-SXM4-40GB, 1276 MiB, 40960 MiB, 26
2024/12/27 01:52:44.397, NVIDIA A100-SXM4-40GB, 1904 MiB, 40960 MiB, 27
2024/12/27 01:52:54.457, NVIDIA A100-SXM4-40GB, 422 MiB, 40960 MiB, 26
2024/12/27 01:52:54.458, NVIDIA A100-SXM4-40GB, 1304 MiB, 40960 MiB, 27
2024/12/27 01:52:54.458, NVIDIA A100-SXM4-40GB, 1276 MiB, 40960 MiB, 26
2024/12/27 01:52:54.458, NVIDIA A100-SXM4-40GB, 1904 MiB, 40960 MiB, 27
2024/12/27 01:53:04.519, NVIDIA A100-SXM4-40GB, 428 MiB, 40960 MiB, 26
2024/12/27 01:53:04.519, NVIDIA A100-SXM4-40GB, 1304 MiB, 40960 MiB, 27
2024/12/27 01:53:04.519, NVIDIA A100-SXM4-40GB, 1276 MiB, 40960 MiB, 26
2024/12/27 01:53:04.519, NVIDIA A100-SXM4-40GB, 1904 MiB, 40960 MiB, 27
2024/12/27 01:53:14.598, NVIDIA A100-SXM4-40GB, 6656 MiB, 40960 MiB, 26
2024/12/27 01:53:14.598, NVIDIA A100-SXM4-40GB, 3568 MiB, 40960 MiB, 27
2024/12/27 01:53:14.599, NVIDIA A100-SXM4-40GB, 4874 MiB, 40960 MiB, 26
2024/12/27 01:53:14.599, NVIDIA A100-SXM4-40GB, 7436 MiB, 40960 MiB, 27
2024/12/27 01:53:24.668, NVIDIA A100-SXM4-40GB, 6656 MiB, 40960 MiB, 26
2024/12/27 01:53:24.669, NVIDIA A100-SXM4-40GB, 3568 MiB, 40960 MiB, 27
2024/12/27 01:53:24.669, NVIDIA A100-SXM4-40GB, 4874 MiB, 40960 MiB, 26
2024/12/27 01:53:24.669, NVIDIA A100-SXM4-40GB, 7436 MiB, 40960 MiB, 27
2024/12/27 01:53:34.767, NVIDIA A100-SXM4-40GB, 6656 MiB, 40960 MiB, 27
2024/12/27 01:53:34.768, NVIDIA A100-SXM4-40GB, 3632 MiB, 40960 MiB, 27
2024/12/27 01:53:34.768, NVIDIA A100-SXM4-40GB, 5002 MiB, 40960 MiB, 26
2024/12/27 01:53:34.768, NVIDIA A100-SXM4-40GB, 7612 MiB, 40960 MiB, 27
2024/12/27 01:53:44.838, NVIDIA A100-SXM4-40GB, 6656 MiB, 40960 MiB, 27
2024/12/27 01:53:44.839, NVIDIA A100-SXM4-40GB, 3632 MiB, 40960 MiB, 27
2024/12/27 01:53:44.839, NVIDIA A100-SXM4-40GB, 4998 MiB, 40960 MiB, 26
2024/12/27 01:53:44.839, NVIDIA A100-SXM4-40GB, 7612 MiB, 40960 MiB, 28
2024/12/27 01:53:54.908, NVIDIA A100-SXM4-40GB, 6656 MiB, 40960 MiB, 27
2024/12/27 01:53:54.909, NVIDIA A100-SXM4-40GB, 3632 MiB, 40960 MiB, 27
2024/12/27 01:53:54.909, NVIDIA A100-SXM4-40GB, 4998 MiB, 40960 MiB, 26
2024/12/27 01:53:54.909, NVIDIA A100-SXM4-40GB, 7612 MiB, 40960 MiB, 27
2024/12/27 01:54:05.007, NVIDIA A100-SXM4-40GB, 6656 MiB, 40960 MiB, 27
2024/12/27 01:54:05.008, NVIDIA A100-SXM4-40GB, 3932 MiB, 40960 MiB, 27
2024/12/27 01:54:05.008, NVIDIA A100-SXM4-40GB, 4998 MiB, 40960 MiB, 26
2024/12/27 01:54:05.008, NVIDIA A100-SXM4-40GB, 7612 MiB, 40960 MiB, 27
2024/12/27 01:54:15.078, NVIDIA A100-SXM4-40GB, 6656 MiB, 40960 MiB, 27
2024/12/27 01:54:15.079, NVIDIA A100-SXM4-40GB, 3932 MiB, 40960 MiB, 27
2024/12/27 01:54:15.079, NVIDIA A100-SXM4-40GB, 4998 MiB, 40960 MiB, 26
2024/12/27 01:54:15.079, NVIDIA A100-SXM4-40GB, 7612 MiB, 40960 MiB, 27
2024/12/27 01:54:25.148, NVIDIA A100-SXM4-40GB, 6656 MiB, 40960 MiB, 27
2024/12/27 01:54:25.149, NVIDIA A100-SXM4-40GB, 3752 MiB, 40960 MiB, 27
2024/12/27 01:54:25.149, NVIDIA A100-SXM4-40GB, 4998 MiB, 40960 MiB, 26
2024/12/27 01:54:25.149, NVIDIA A100-SXM4-40GB, 7612 MiB, 40960 MiB, 27
2024/12/27 01:54:35.218, NVIDIA A100-SXM4-40GB, 6656 MiB, 40960 MiB, 27
2024/12/27 01:54:35.219, NVIDIA A100-SXM4-40GB, 3752 MiB, 40960 MiB, 27
2024/12/27 01:54:35.219, NVIDIA A100-SXM4-40GB, 4998 MiB, 40960 MiB, 26
2024/12/27 01:54:35.219, NVIDIA A100-SXM4-40GB, 7612 MiB, 40960 MiB, 27
2024/12/27 01:54:45.357, NVIDIA A100-SXM4-40GB, 1536 MiB, 40960 MiB, 27
2024/12/27 01:54:45.358, NVIDIA A100-SXM4-40GB, 3654 MiB, 40960 MiB, 27
2024/12/27 01:54:45.358, NVIDIA A100-SXM4-40GB, 2516 MiB, 40960 MiB, 26
2024/12/27 01:54:45.358, NVIDIA A100-SXM4-40GB, 3940 MiB, 40960 MiB, 27
2024/12/27 01:54:55.454, NVIDIA A100-SXM4-40GB, 1536 MiB, 40960 MiB, 27
2024/12/27 01:54:55.455, NVIDIA A100-SXM4-40GB, 3654 MiB, 40960 MiB, 27
2024/12/27 01:54:55.455, NVIDIA A100-SXM4-40GB, 2516 MiB, 40960 MiB, 26
2024/12/27 01:54:55.455, NVIDIA A100-SXM4-40GB, 3940 MiB, 40960 MiB, 27
2024/12/27 01:55:05.518, NVIDIA A100-SXM4-40GB, 498 MiB, 40960 MiB, 27
2024/12/27 01:55:05.519, NVIDIA A100-SXM4-40GB, 3654 MiB, 40960 MiB, 27
2024/12/27 01:55:05.519, NVIDIA A100-SXM4-40GB, 2466 MiB, 40960 MiB, 26
2024/12/27 01:55:05.519, NVIDIA A100-SXM4-40GB, 4016 MiB, 40960 MiB, 27
2024/12/27 01:56:04.780, NVIDIA A100-SXM4-40GB, 4 MiB, 40960 MiB, 26
2024/12/27 01:56:04.781, NVIDIA A100-SXM4-40GB, 4 MiB, 40960 MiB, 27
2024/12/27 01:56:04.782, NVIDIA A100-SXM4-40GB, 4 MiB, 40960 MiB, 26
2024/12/27 01:56:04.782, NVIDIA A100-SXM4-40GB, 4 MiB, 40960 MiB, 27
2024/12/27 01:56:14.867, NVIDIA A100-SXM4-40GB, 4 MiB, 40960 MiB, 26
2024/12/27 01:56:14.868, NVIDIA A100-SXM4-40GB, 4 MiB, 40960 MiB, 27
2024/12/27 01:56:14.869, NVIDIA A100-SXM4-40GB, 4 MiB, 40960 MiB, 26
2024/12/27 01:56:14.869, NVIDIA A100-SXM4-40GB, 4 MiB, 40960 MiB, 26
2024/12/27 01:56:24.973, NVIDIA A100-SXM4-40GB, 1106 MiB, 40960 MiB, 26
2024/12/27 01:56:24.973, NVIDIA A100-SXM4-40GB, 422 MiB, 40960 MiB, 27
2024/12/27 01:56:24.974, NVIDIA A100-SXM4-40GB, 422 MiB, 40960 MiB, 26
2024/12/27 01:56:24.974, NVIDIA A100-SXM4-40GB, 422 MiB, 40960 MiB, 27
2024/12/27 01:56:35.088, NVIDIA A100-SXM4-40GB, 1158 MiB, 40960 MiB, 26
2024/12/27 01:56:35.089, NVIDIA A100-SXM4-40GB, 1236 MiB, 40960 MiB, 27
2024/12/27 01:56:35.089, NVIDIA A100-SXM4-40GB, 1236 MiB, 40960 MiB, 26
2024/12/27 01:56:35.089, NVIDIA A100-SXM4-40GB, 422 MiB, 40960 MiB, 27
2024/12/27 01:56:45.207, NVIDIA A100-SXM4-40GB, 1158 MiB, 40960 MiB, 26
2024/12/27 01:56:45.207, NVIDIA A100-SXM4-40GB, 1236 MiB, 40960 MiB, 27
2024/12/27 01:56:45.207, NVIDIA A100-SXM4-40GB, 1236 MiB, 40960 MiB, 26
2024/12/27 01:56:45.207, NVIDIA A100-SXM4-40GB, 422 MiB, 40960 MiB, 27
2024/12/27 01:56:55.287, NVIDIA A100-SXM4-40GB, 1158 MiB, 40960 MiB, 26
2024/12/27 01:56:55.288, NVIDIA A100-SXM4-40GB, 1236 MiB, 40960 MiB, 27
2024/12/27 01:56:55.288, NVIDIA A100-SXM4-40GB, 1236 MiB, 40960 MiB, 26
2024/12/27 01:56:55.288, NVIDIA A100-SXM4-40GB, 422 MiB, 40960 MiB, 27
2024/12/27 01:57:05.357, NVIDIA A100-SXM4-40GB, 1158 MiB, 40960 MiB, 26
2024/12/27 01:57:05.358, NVIDIA A100-SXM4-40GB, 1236 MiB, 40960 MiB, 27
2024/12/27 01:57:05.358, NVIDIA A100-SXM4-40GB, 1236 MiB, 40960 MiB, 26
2024/12/27 01:57:05.358, NVIDIA A100-SXM4-40GB, 422 MiB, 40960 MiB, 27
2024/12/27 01:57:15.438, NVIDIA A100-SXM4-40GB, 1158 MiB, 40960 MiB, 26
2024/12/27 01:57:15.438, NVIDIA A100-SXM4-40GB, 1236 MiB, 40960 MiB, 27
2024/12/27 01:57:15.438, NVIDIA A100-SXM4-40GB, 1236 MiB, 40960 MiB, 26
2024/12/27 01:57:15.438, NVIDIA A100-SXM4-40GB, 422 MiB, 40960 MiB, 27
2024/12/27 01:57:25.516, NVIDIA A100-SXM4-40GB, 1282 MiB, 40960 MiB, 26
2024/12/27 01:57:25.517, NVIDIA A100-SXM4-40GB, 1236 MiB, 40960 MiB, 27
2024/12/27 01:57:25.517, NVIDIA A100-SXM4-40GB, 1236 MiB, 40960 MiB, 26
2024/12/27 01:57:25.517, NVIDIA A100-SXM4-40GB, 422 MiB, 40960 MiB, 27
2024/12/27 01:57:35.598, NVIDIA A100-SXM4-40GB, 8318 MiB, 40960 MiB, 26
2024/12/27 01:57:35.599, NVIDIA A100-SXM4-40GB, 4794 MiB, 40960 MiB, 27
2024/12/27 01:57:35.599, NVIDIA A100-SXM4-40GB, 4882 MiB, 40960 MiB, 26
2024/12/27 01:57:35.599, NVIDIA A100-SXM4-40GB, 422 MiB, 40960 MiB, 27
2024/12/27 01:57:45.668, NVIDIA A100-SXM4-40GB, 9566 MiB, 40960 MiB, 27
2024/12/27 01:57:45.669, NVIDIA A100-SXM4-40GB, 4854 MiB, 40960 MiB, 27
2024/12/27 01:57:45.669, NVIDIA A100-SXM4-40GB, 4978 MiB, 40960 MiB, 26
2024/12/27 01:57:45.669, NVIDIA A100-SXM4-40GB, 422 MiB, 40960 MiB, 27
2024/12/27 01:57:55.738, NVIDIA A100-SXM4-40GB, 9566 MiB, 40960 MiB, 26
2024/12/27 01:57:55.739, NVIDIA A100-SXM4-40GB, 4854 MiB, 40960 MiB, 27
2024/12/27 01:57:55.739, NVIDIA A100-SXM4-40GB, 4978 MiB, 40960 MiB, 26
2024/12/27 01:57:55.739, NVIDIA A100-SXM4-40GB, 422 MiB, 40960 MiB, 27
2024/12/27 01:58:05.808, NVIDIA A100-SXM4-40GB, 8388 MiB, 40960 MiB, 27
2024/12/27 01:58:05.809, NVIDIA A100-SXM4-40GB, 4854 MiB, 40960 MiB, 27
2024/12/27 01:58:05.809, NVIDIA A100-SXM4-40GB, 4978 MiB, 40960 MiB, 26
2024/12/27 01:58:05.809, NVIDIA A100-SXM4-40GB, 422 MiB, 40960 MiB, 27
2024/12/27 01:58:15.878, NVIDIA A100-SXM4-40GB, 9390 MiB, 40960 MiB, 27
2024/12/27 01:58:15.879, NVIDIA A100-SXM4-40GB, 4850 MiB, 40960 MiB, 27
2024/12/27 01:58:15.879, NVIDIA A100-SXM4-40GB, 4978 MiB, 40960 MiB, 26
2024/12/27 01:58:15.879, NVIDIA A100-SXM4-40GB, 422 MiB, 40960 MiB, 27
2024/12/27 01:58:25.948, NVIDIA A100-SXM4-40GB, 9390 MiB, 40960 MiB, 26
2024/12/27 01:58:25.949, NVIDIA A100-SXM4-40GB, 4850 MiB, 40960 MiB, 27
2024/12/27 01:58:25.949, NVIDIA A100-SXM4-40GB, 4978 MiB, 40960 MiB, 26
2024/12/27 01:58:25.949, NVIDIA A100-SXM4-40GB, 422 MiB, 40960 MiB, 27
2024/12/27 01:58:36.028, NVIDIA A100-SXM4-40GB, 9374 MiB, 40960 MiB, 27
2024/12/27 01:58:36.029, NVIDIA A100-SXM4-40GB, 4850 MiB, 40960 MiB, 27
2024/12/27 01:58:36.029, NVIDIA A100-SXM4-40GB, 4978 MiB, 40960 MiB, 26
2024/12/27 01:58:36.029, NVIDIA A100-SXM4-40GB, 422 MiB, 40960 MiB, 27
2024/12/27 01:58:46.099, NVIDIA A100-SXM4-40GB, 5364 MiB, 40960 MiB, 27
2024/12/27 01:58:46.099, NVIDIA A100-SXM4-40GB, 2382 MiB, 40960 MiB, 27
2024/12/27 01:58:46.099, NVIDIA A100-SXM4-40GB, 2442 MiB, 40960 MiB, 26
2024/12/27 01:58:46.099, NVIDIA A100-SXM4-40GB, 422 MiB, 40960 MiB, 27
2024/12/27 01:58:56.195, NVIDIA A100-SXM4-40GB, 5364 MiB, 40960 MiB, 26
2024/12/27 01:58:56.196, NVIDIA A100-SXM4-40GB, 2382 MiB, 40960 MiB, 27
2024/12/27 01:58:56.196, NVIDIA A100-SXM4-40GB, 2442 MiB, 40960 MiB, 26
2024/12/27 01:58:56.196, NVIDIA A100-SXM4-40GB, 422 MiB, 40960 MiB, 27
2024/12/27 01:59:06.278, NVIDIA A100-SXM4-40GB, 5354 MiB, 40960 MiB, 26
2024/12/27 01:59:06.278, NVIDIA A100-SXM4-40GB, 2360 MiB, 40960 MiB, 27
2024/12/27 01:59:06.279, NVIDIA A100-SXM4-40GB, 2522 MiB, 40960 MiB, 26
2024/12/27 01:59:06.279, NVIDIA A100-SXM4-40GB, 422 MiB, 40960 MiB, 27
2024/12/27 01:59:16.412, NVIDIA A100-SXM4-40GB, 5354 MiB, 40960 MiB, 26
2024/12/27 01:59:16.413, NVIDIA A100-SXM4-40GB, 2360 MiB, 40960 MiB, 27
2024/12/27 01:59:16.413, NVIDIA A100-SXM4-40GB, 2522 MiB, 40960 MiB, 26
2024/12/27 01:59:16.413, NVIDIA A100-SXM4-40GB, 422 MiB, 40960 MiB, 27
2024/12/27 01:59:26.520, NVIDIA A100-SXM4-40GB, 5354 MiB, 40960 MiB, 26
2024/12/27 01:59:26.520, NVIDIA A100-SXM4-40GB, 2386 MiB, 40960 MiB, 27
2024/12/27 01:59:26.521, NVIDIA A100-SXM4-40GB, 2586 MiB, 40960 MiB, 26
2024/12/27 01:59:26.521, NVIDIA A100-SXM4-40GB, 422 MiB, 40960 MiB, 27
2024/12/27 01:59:36.630, NVIDIA A100-SXM4-40GB, 5354 MiB, 40960 MiB, 26
2024/12/27 01:59:36.630, NVIDIA A100-SXM4-40GB, 2386 MiB, 40960 MiB, 27
2024/12/27 01:59:36.630, NVIDIA A100-SXM4-40GB, 2586 MiB, 40960 MiB, 26
2024/12/27 01:59:36.630, NVIDIA A100-SXM4-40GB, 422 MiB, 40960 MiB, 27
2024/12/27 01:59:46.715, NVIDIA A100-SXM4-40GB, 5358 MiB, 40960 MiB, 26
2024/12/27 01:59:46.715, NVIDIA A100-SXM4-40GB, 2426 MiB, 40960 MiB, 27
2024/12/27 01:59:46.715, NVIDIA A100-SXM4-40GB, 2636 MiB, 40960 MiB, 26
2024/12/27 01:59:46.715, NVIDIA A100-SXM4-40GB, 422 MiB, 40960 MiB, 27
2024/12/27 01:59:56.812, NVIDIA A100-SXM4-40GB, 5358 MiB, 40960 MiB, 26
2024/12/27 01:59:56.812, NVIDIA A100-SXM4-40GB, 2426 MiB, 40960 MiB, 27
2024/12/27 01:59:56.812, NVIDIA A100-SXM4-40GB, 2636 MiB, 40960 MiB, 26
2024/12/27 01:59:56.813, NVIDIA A100-SXM4-40GB, 422 MiB, 40960 MiB, 27
2024/12/27 02:00:06.879, NVIDIA A100-SXM4-40GB, 5364 MiB, 40960 MiB, 26
2024/12/27 02:00:06.880, NVIDIA A100-SXM4-40GB, 2470 MiB, 40960 MiB, 27
2024/12/27 02:00:06.880, NVIDIA A100-SXM4-40GB, 2680 MiB, 40960 MiB, 26
2024/12/27 02:00:06.880, NVIDIA A100-SXM4-40GB, 422 MiB, 40960 MiB, 27
2024/12/27 02:00:16.986, NVIDIA A100-SXM4-40GB, 5364 MiB, 40960 MiB, 26
2024/12/27 02:00:16.987, NVIDIA A100-SXM4-40GB, 2470 MiB, 40960 MiB, 27
2024/12/27 02:00:16.987, NVIDIA A100-SXM4-40GB, 2680 MiB, 40960 MiB, 26
2024/12/27 02:00:16.987, NVIDIA A100-SXM4-40GB, 422 MiB, 40960 MiB, 27
2024/12/27 02:00:27.069, NVIDIA A100-SXM4-40GB, 5370 MiB, 40960 MiB, 26
2024/12/27 02:00:27.070, NVIDIA A100-SXM4-40GB, 2518 MiB, 40960 MiB, 27
2024/12/27 02:00:27.070, NVIDIA A100-SXM4-40GB, 2718 MiB, 40960 MiB, 26
2024/12/27 02:00:27.070, NVIDIA A100-SXM4-40GB, 422 MiB, 40960 MiB, 27
2024/12/27 02:00:37.230, NVIDIA A100-SXM4-40GB, 5370 MiB, 40960 MiB, 26
2024/12/27 02:00:37.231, NVIDIA A100-SXM4-40GB, 2518 MiB, 40960 MiB, 27
2024/12/27 02:00:37.231, NVIDIA A100-SXM4-40GB, 2718 MiB, 40960 MiB, 26
2024/12/27 02:00:37.231, NVIDIA A100-SXM4-40GB, 422 MiB, 40960 MiB, 27
2024/12/27 02:00:47.299, NVIDIA A100-SXM4-40GB, 5354 MiB, 40960 MiB, 26
2024/12/27 02:00:47.299, NVIDIA A100-SXM4-40GB, 2380 MiB, 40960 MiB, 27
2024/12/27 02:00:47.300, NVIDIA A100-SXM4-40GB, 2574 MiB, 40960 MiB, 26
2024/12/27 02:00:47.300, NVIDIA A100-SXM4-40GB, 422 MiB, 40960 MiB, 27
2024/12/27 02:00:57.418, NVIDIA A100-SXM4-40GB, 5376 MiB, 40960 MiB, 26
2024/12/27 02:00:57.418, NVIDIA A100-SXM4-40GB, 2568 MiB, 40960 MiB, 27
2024/12/27 02:00:57.418, NVIDIA A100-SXM4-40GB, 2754 MiB, 40960 MiB, 26
2024/12/27 02:00:57.418, NVIDIA A100-SXM4-40GB, 422 MiB, 40960 MiB, 27
2024/12/27 02:01:07.489, NVIDIA A100-SXM4-40GB, 5376 MiB, 40960 MiB, 26
2024/12/27 02:01:07.489, NVIDIA A100-SXM4-40GB, 2568 MiB, 40960 MiB, 27
2024/12/27 02:01:07.489, NVIDIA A100-SXM4-40GB, 2754 MiB, 40960 MiB, 26
2024/12/27 02:01:07.489, NVIDIA A100-SXM4-40GB, 422 MiB, 40960 MiB, 27
2024/12/27 02:01:17.611, NVIDIA A100-SXM4-40GB, 5384 MiB, 40960 MiB, 26
2024/12/27 02:01:17.611, NVIDIA A100-SXM4-40GB, 2620 MiB, 40960 MiB, 27
2024/12/27 02:01:17.612, NVIDIA A100-SXM4-40GB, 2788 MiB, 40960 MiB, 26
2024/12/27 02:01:17.612, NVIDIA A100-SXM4-40GB, 422 MiB, 40960 MiB, 27
2024/12/27 02:01:27.679, NVIDIA A100-SXM4-40GB, 5384 MiB, 40960 MiB, 26
2024/12/27 02:01:27.679, NVIDIA A100-SXM4-40GB, 2620 MiB, 40960 MiB, 27
2024/12/27 02:01:27.679, NVIDIA A100-SXM4-40GB, 2788 MiB, 40960 MiB, 26
2024/12/27 02:01:27.679, NVIDIA A100-SXM4-40GB, 422 MiB, 40960 MiB, 27
2024/12/27 02:01:37.749, NVIDIA A100-SXM4-40GB, 5392 MiB, 40960 MiB, 26
2024/12/27 02:01:37.750, NVIDIA A100-SXM4-40GB, 2672 MiB, 40960 MiB, 27
2024/12/27 02:01:37.750, NVIDIA A100-SXM4-40GB, 2820 MiB, 40960 MiB, 26
2024/12/27 02:01:37.750, NVIDIA A100-SXM4-40GB, 422 MiB, 40960 MiB, 27
2024/12/27 02:01:47.854, NVIDIA A100-SXM4-40GB, 5392 MiB, 40960 MiB, 26
2024/12/27 02:01:47.854, NVIDIA A100-SXM4-40GB, 2672 MiB, 40960 MiB, 27
2024/12/27 02:01:47.854, NVIDIA A100-SXM4-40GB, 2820 MiB, 40960 MiB, 26
2024/12/27 02:01:47.854, NVIDIA A100-SXM4-40GB, 422 MiB, 40960 MiB, 27
2024/12/27 02:01:57.929, NVIDIA A100-SXM4-40GB, 5362 MiB, 40960 MiB, 26
2024/12/27 02:01:57.930, NVIDIA A100-SXM4-40GB, 2448 MiB, 40960 MiB, 27
2024/12/27 02:01:57.930, NVIDIA A100-SXM4-40GB, 2662 MiB, 40960 MiB, 26
2024/12/27 02:01:57.930, NVIDIA A100-SXM4-40GB, 422 MiB, 40960 MiB, 27
2024/12/27 02:02:08.020, NVIDIA A100-SXM4-40GB, 5402 MiB, 40960 MiB, 26
2024/12/27 02:02:08.020, NVIDIA A100-SXM4-40GB, 2724 MiB, 40960 MiB, 27
2024/12/27 02:02:08.021, NVIDIA A100-SXM4-40GB, 2852 MiB, 40960 MiB, 26
2024/12/27 02:02:08.021, NVIDIA A100-SXM4-40GB, 422 MiB, 40960 MiB, 27
2024/12/27 02:02:18.098, NVIDIA A100-SXM4-40GB, 5402 MiB, 40960 MiB, 26
2024/12/27 02:02:18.099, NVIDIA A100-SXM4-40GB, 2724 MiB, 40960 MiB, 27
2024/12/27 02:02:18.099, NVIDIA A100-SXM4-40GB, 2852 MiB, 40960 MiB, 26
2024/12/27 02:02:18.099, NVIDIA A100-SXM4-40GB, 422 MiB, 40960 MiB, 27
2024/12/27 02:02:28.203, NVIDIA A100-SXM4-40GB, 5354 MiB, 40960 MiB, 26
2024/12/27 02:02:28.204, NVIDIA A100-SXM4-40GB, 3584 MiB, 40960 MiB, 27
2024/12/27 02:02:28.204, NVIDIA A100-SXM4-40GB, 3584 MiB, 40960 MiB, 26
2024/12/27 02:02:28.204, NVIDIA A100-SXM4-40GB, 422 MiB, 40960 MiB, 27
2024/12/27 02:02:38.276, NVIDIA A100-SXM4-40GB, 5354 MiB, 40960 MiB, 26
2024/12/27 02:02:38.277, NVIDIA A100-SXM4-40GB, 3584 MiB, 40960 MiB, 27
2024/12/27 02:02:38.277, NVIDIA A100-SXM4-40GB, 3584 MiB, 40960 MiB, 26
2024/12/27 02:02:38.277, NVIDIA A100-SXM4-40GB, 422 MiB, 40960 MiB, 27
2024/12/27 02:02:48.345, NVIDIA A100-SXM4-40GB, 5354 MiB, 40960 MiB, 26
2024/12/27 02:02:48.345, NVIDIA A100-SXM4-40GB, 4156 MiB, 40960 MiB, 27
2024/12/27 02:02:48.345, NVIDIA A100-SXM4-40GB, 3374 MiB, 40960 MiB, 26
2024/12/27 02:02:48.345, NVIDIA A100-SXM4-40GB, 422 MiB, 40960 MiB, 27
2024/12/27 02:14:05.360, NVIDIA A100-SXM4-40GB, 4 MiB, 40960 MiB, 26
2024/12/27 02:14:05.361, NVIDIA A100-SXM4-40GB, 4 MiB, 40960 MiB, 27
2024/12/27 02:14:05.361, NVIDIA A100-SXM4-40GB, 4 MiB, 40960 MiB, 26
2024/12/27 02:14:05.361, NVIDIA A100-SXM4-40GB, 4 MiB, 40960 MiB, 27
2024/12/27 02:14:15.439, NVIDIA A100-SXM4-40GB, 4 MiB, 40960 MiB, 26
2024/12/27 02:14:15.439, NVIDIA A100-SXM4-40GB, 4 MiB, 40960 MiB, 27
2024/12/27 02:14:15.439, NVIDIA A100-SXM4-40GB, 4 MiB, 40960 MiB, 26
2024/12/27 02:14:15.439, NVIDIA A100-SXM4-40GB, 4 MiB, 40960 MiB, 26
2024/12/27 02:14:25.511, NVIDIA A100-SXM4-40GB, 4 MiB, 40960 MiB, 26
2024/12/27 02:14:25.512, NVIDIA A100-SXM4-40GB, 4 MiB, 40960 MiB, 27
2024/12/27 02:14:25.512, NVIDIA A100-SXM4-40GB, 4 MiB, 40960 MiB, 25
2024/12/27 02:14:25.512, NVIDIA A100-SXM4-40GB, 4 MiB, 40960 MiB, 26
2024/12/27 02:14:35.591, NVIDIA A100-SXM4-40GB, 4 MiB, 40960 MiB, 26
2024/12/27 02:14:35.592, NVIDIA A100-SXM4-40GB, 4 MiB, 40960 MiB, 27
2024/12/27 02:14:35.592, NVIDIA A100-SXM4-40GB, 4 MiB, 40960 MiB, 25
2024/12/27 02:14:35.592, NVIDIA A100-SXM4-40GB, 4 MiB, 40960 MiB, 26
2024/12/27 02:14:45.662, NVIDIA A100-SXM4-40GB, 4 MiB, 40960 MiB, 26
2024/12/27 02:14:45.662, NVIDIA A100-SXM4-40GB, 4 MiB, 40960 MiB, 27
2024/12/27 02:14:45.662, NVIDIA A100-SXM4-40GB, 4 MiB, 40960 MiB, 26
2024/12/27 02:14:45.662, NVIDIA A100-SXM4-40GB, 4 MiB, 40960 MiB, 27
2024/12/27 02:14:55.732, NVIDIA A100-SXM4-40GB, 4 MiB, 40960 MiB, 26
2024/12/27 02:14:55.732, NVIDIA A100-SXM4-40GB, 4 MiB, 40960 MiB, 27
2024/12/27 02:14:55.732, NVIDIA A100-SXM4-40GB, 4 MiB, 40960 MiB, 25
2024/12/27 02:14:55.733, NVIDIA A100-SXM4-40GB, 4 MiB, 40960 MiB, 27
2024/12/27 02:15:05.802, NVIDIA A100-SXM4-40GB, 4 MiB, 40960 MiB, 26
2024/12/27 02:15:05.802, NVIDIA A100-SXM4-40GB, 4 MiB, 40960 MiB, 27
2024/12/27 02:15:05.802, NVIDIA A100-SXM4-40GB, 4 MiB, 40960 MiB, 25
2024/12/27 02:15:05.803, NVIDIA A100-SXM4-40GB, 4 MiB, 40960 MiB, 26
2024/12/27 02:15:15.872, NVIDIA A100-SXM4-40GB, 4 MiB, 40960 MiB, 26
2024/12/27 02:15:15.872, NVIDIA A100-SXM4-40GB, 4 MiB, 40960 MiB, 27
2024/12/27 02:15:15.872, NVIDIA A100-SXM4-40GB, 4 MiB, 40960 MiB, 26
2024/12/27 02:15:15.873, NVIDIA A100-SXM4-40GB, 4 MiB, 40960 MiB, 27
2024/12/27 02:15:25.982, NVIDIA A100-SXM4-40GB, 4 MiB, 40960 MiB, 26
2024/12/27 02:15:25.982, NVIDIA A100-SXM4-40GB, 4 MiB, 40960 MiB, 27
2024/12/27 02:15:25.982, NVIDIA A100-SXM4-40GB, 4 MiB, 40960 MiB, 26
2024/12/27 02:15:25.982, NVIDIA A100-SXM4-40GB, 4 MiB, 40960 MiB, 27
2024/12/27 02:15:36.063, NVIDIA A100-SXM4-40GB, 4 MiB, 40960 MiB, 26
2024/12/27 02:15:36.063, NVIDIA A100-SXM4-40GB, 4 MiB, 40960 MiB, 27
2024/12/27 02:15:36.063, NVIDIA A100-SXM4-40GB, 4 MiB, 40960 MiB, 26
2024/12/27 02:15:36.063, NVIDIA A100-SXM4-40GB, 4 MiB, 40960 MiB, 26
2024/12/27 02:15:46.132, NVIDIA A100-SXM4-40GB, 4 MiB, 40960 MiB, 26
2024/12/27 02:15:46.133, NVIDIA A100-SXM4-40GB, 4 MiB, 40960 MiB, 27
2024/12/27 02:15:46.133, NVIDIA A100-SXM4-40GB, 4 MiB, 40960 MiB, 26
2024/12/27 02:15:46.133, NVIDIA A100-SXM4-40GB, 4 MiB, 40960 MiB, 26
2024/12/27 02:15:56.242, NVIDIA A100-SXM4-40GB, 4 MiB, 40960 MiB, 26
2024/12/27 02:15:56.242, NVIDIA A100-SXM4-40GB, 4 MiB, 40960 MiB, 27
2024/12/27 02:15:56.242, NVIDIA A100-SXM4-40GB, 4 MiB, 40960 MiB, 26
2024/12/27 02:15:56.242, NVIDIA A100-SXM4-40GB, 4 MiB, 40960 MiB, 26
2024/12/27 02:16:06.313, NVIDIA A100-SXM4-40GB, 4 MiB, 40960 MiB, 26
2024/12/27 02:16:06.314, NVIDIA A100-SXM4-40GB, 4 MiB, 40960 MiB, 27
2024/12/27 02:16:06.314, NVIDIA A100-SXM4-40GB, 4 MiB, 40960 MiB, 25
2024/12/27 02:16:06.314, NVIDIA A100-SXM4-40GB, 4 MiB, 40960 MiB, 26
2024/12/27 02:16:16.393, NVIDIA A100-SXM4-40GB, 4 MiB, 40960 MiB, 26
2024/12/27 02:16:16.393, NVIDIA A100-SXM4-40GB, 4 MiB, 40960 MiB, 27
2024/12/27 02:16:16.393, NVIDIA A100-SXM4-40GB, 4 MiB, 40960 MiB, 26
2024/12/27 02:16:16.393, NVIDIA A100-SXM4-40GB, 4 MiB, 40960 MiB, 26
2024/12/27 02:16:26.462, NVIDIA A100-SXM4-40GB, 4 MiB, 40960 MiB, 26
2024/12/27 02:16:26.463, NVIDIA A100-SXM4-40GB, 4 MiB, 40960 MiB, 27
2024/12/27 02:16:26.463, NVIDIA A100-SXM4-40GB, 4 MiB, 40960 MiB, 25
2024/12/27 02:16:26.463, NVIDIA A100-SXM4-40GB, 4 MiB, 40960 MiB, 26
2024/12/27 02:16:36.542, NVIDIA A100-SXM4-40GB, 4 MiB, 40960 MiB, 26
2024/12/27 02:16:36.542, NVIDIA A100-SXM4-40GB, 4 MiB, 40960 MiB, 27
2024/12/27 02:16:36.542, NVIDIA A100-SXM4-40GB, 4 MiB, 40960 MiB, 25
2024/12/27 02:16:36.543, NVIDIA A100-SXM4-40GB, 4 MiB, 40960 MiB, 26
2024/12/27 02:16:46.652, NVIDIA A100-SXM4-40GB, 4 MiB, 40960 MiB, 26
2024/12/27 02:16:46.653, NVIDIA A100-SXM4-40GB, 4 MiB, 40960 MiB, 27
2024/12/27 02:16:46.653, NVIDIA A100-SXM4-40GB, 4 MiB, 40960 MiB, 25
2024/12/27 02:16:46.653, NVIDIA A100-SXM4-40GB, 4 MiB, 40960 MiB, 26
2024/12/27 02:16:56.722, NVIDIA A100-SXM4-40GB, 4 MiB, 40960 MiB, 26
2024/12/27 02:16:56.722, NVIDIA A100-SXM4-40GB, 4 MiB, 40960 MiB, 27
2024/12/27 02:16:56.722, NVIDIA A100-SXM4-40GB, 4 MiB, 40960 MiB, 26
2024/12/27 02:16:56.722, NVIDIA A100-SXM4-40GB, 4 MiB, 40960 MiB, 26
2024/12/27 02:17:06.792, NVIDIA A100-SXM4-40GB, 4 MiB, 40960 MiB, 26
2024/12/27 02:17:06.793, NVIDIA A100-SXM4-40GB, 4 MiB, 40960 MiB, 27
2024/12/27 02:17:06.793, NVIDIA A100-SXM4-40GB, 4 MiB, 40960 MiB, 25
2024/12/27 02:17:06.793, NVIDIA A100-SXM4-40GB, 4 MiB, 40960 MiB, 26
2024/12/27 02:17:16.892, NVIDIA A100-SXM4-40GB, 4 MiB, 40960 MiB, 26
2024/12/27 02:17:16.892, NVIDIA A100-SXM4-40GB, 4 MiB, 40960 MiB, 27
2024/12/27 02:17:16.892, NVIDIA A100-SXM4-40GB, 4 MiB, 40960 MiB, 26
2024/12/27 02:17:16.892, NVIDIA A100-SXM4-40GB, 4 MiB, 40960 MiB, 26
2024/12/27 02:17:27.001, NVIDIA A100-SXM4-40GB, 1576 MiB, 40960 MiB, 26
2024/12/27 02:17:27.002, NVIDIA A100-SXM4-40GB, 968 MiB, 40960 MiB, 27
2024/12/27 02:17:27.002, NVIDIA A100-SXM4-40GB, 422 MiB, 40960 MiB, 26
2024/12/27 02:17:27.002, NVIDIA A100-SXM4-40GB, 422 MiB, 40960 MiB, 27
2024/12/27 02:17:37.079, NVIDIA A100-SXM4-40GB, 2156 MiB, 40960 MiB, 26
2024/12/27 02:17:37.079, NVIDIA A100-SXM4-40GB, 2364 MiB, 40960 MiB, 27
2024/12/27 02:17:37.079, NVIDIA A100-SXM4-40GB, 2164 MiB, 40960 MiB, 26
2024/12/27 02:17:37.079, NVIDIA A100-SXM4-40GB, 422 MiB, 40960 MiB, 27
2024/12/27 02:17:47.194, NVIDIA A100-SXM4-40GB, 2156 MiB, 40960 MiB, 26
2024/12/27 02:17:47.195, NVIDIA A100-SXM4-40GB, 2364 MiB, 40960 MiB, 27
2024/12/27 02:17:47.195, NVIDIA A100-SXM4-40GB, 2364 MiB, 40960 MiB, 26
2024/12/27 02:17:47.195, NVIDIA A100-SXM4-40GB, 1004 MiB, 40960 MiB, 27
2024/12/27 02:17:57.310, NVIDIA A100-SXM4-40GB, 2156 MiB, 40960 MiB, 26
2024/12/27 02:17:57.311, NVIDIA A100-SXM4-40GB, 2364 MiB, 40960 MiB, 27
2024/12/27 02:17:57.311, NVIDIA A100-SXM4-40GB, 2364 MiB, 40960 MiB, 26
2024/12/27 02:17:57.311, NVIDIA A100-SXM4-40GB, 1004 MiB, 40960 MiB, 27
2024/12/27 02:18:07.433, NVIDIA A100-SXM4-40GB, 2156 MiB, 40960 MiB, 26
2024/12/27 02:18:07.434, NVIDIA A100-SXM4-40GB, 2364 MiB, 40960 MiB, 27
2024/12/27 02:18:07.434, NVIDIA A100-SXM4-40GB, 2364 MiB, 40960 MiB, 26
2024/12/27 02:18:07.434, NVIDIA A100-SXM4-40GB, 1004 MiB, 40960 MiB, 27
2024/12/27 02:18:17.551, NVIDIA A100-SXM4-40GB, 2156 MiB, 40960 MiB, 26
2024/12/27 02:18:17.551, NVIDIA A100-SXM4-40GB, 2364 MiB, 40960 MiB, 27
2024/12/27 02:18:17.551, NVIDIA A100-SXM4-40GB, 2364 MiB, 40960 MiB, 26
2024/12/27 02:18:17.552, NVIDIA A100-SXM4-40GB, 1004 MiB, 40960 MiB, 27
2024/12/27 02:18:27.617, NVIDIA A100-SXM4-40GB, 2156 MiB, 40960 MiB, 26
2024/12/27 02:18:27.618, NVIDIA A100-SXM4-40GB, 2364 MiB, 40960 MiB, 27
2024/12/27 02:18:27.618, NVIDIA A100-SXM4-40GB, 2364 MiB, 40960 MiB, 26
2024/12/27 02:18:27.618, NVIDIA A100-SXM4-40GB, 1004 MiB, 40960 MiB, 27
2024/12/27 02:18:37.687, NVIDIA A100-SXM4-40GB, 2156 MiB, 40960 MiB, 26
2024/12/27 02:18:37.688, NVIDIA A100-SXM4-40GB, 2364 MiB, 40960 MiB, 27
2024/12/27 02:18:37.688, NVIDIA A100-SXM4-40GB, 2364 MiB, 40960 MiB, 26
2024/12/27 02:18:37.688, NVIDIA A100-SXM4-40GB, 1004 MiB, 40960 MiB, 27
2024/12/27 02:18:47.757, NVIDIA A100-SXM4-40GB, 2156 MiB, 40960 MiB, 26
2024/12/27 02:18:47.758, NVIDIA A100-SXM4-40GB, 2364 MiB, 40960 MiB, 27
2024/12/27 02:18:47.758, NVIDIA A100-SXM4-40GB, 2364 MiB, 40960 MiB, 26
2024/12/27 02:18:47.758, NVIDIA A100-SXM4-40GB, 1004 MiB, 40960 MiB, 27
2024/12/27 02:18:57.837, NVIDIA A100-SXM4-40GB, 2156 MiB, 40960 MiB, 26
2024/12/27 02:18:57.838, NVIDIA A100-SXM4-40GB, 2364 MiB, 40960 MiB, 27
2024/12/27 02:18:57.838, NVIDIA A100-SXM4-40GB, 2364 MiB, 40960 MiB, 26
2024/12/27 02:18:57.838, NVIDIA A100-SXM4-40GB, 1004 MiB, 40960 MiB, 27
2024/12/27 02:19:07.909, NVIDIA A100-SXM4-40GB, 2156 MiB, 40960 MiB, 26
2024/12/27 02:19:07.909, NVIDIA A100-SXM4-40GB, 2364 MiB, 40960 MiB, 27
2024/12/27 02:19:07.909, NVIDIA A100-SXM4-40GB, 2364 MiB, 40960 MiB, 26
2024/12/27 02:19:07.909, NVIDIA A100-SXM4-40GB, 1004 MiB, 40960 MiB, 27
2024/12/27 02:19:17.978, NVIDIA A100-SXM4-40GB, 11240 MiB, 40960 MiB, 27
2024/12/27 02:19:17.979, NVIDIA A100-SXM4-40GB, 8468 MiB, 40960 MiB, 27
2024/12/27 02:19:17.979, NVIDIA A100-SXM4-40GB, 8468 MiB, 40960 MiB, 26
2024/12/27 02:19:17.979, NVIDIA A100-SXM4-40GB, 3244 MiB, 40960 MiB, 27
2024/12/27 02:19:28.048, NVIDIA A100-SXM4-40GB, 11240 MiB, 40960 MiB, 26
2024/12/27 02:19:28.049, NVIDIA A100-SXM4-40GB, 8468 MiB, 40960 MiB, 27
2024/12/27 02:19:28.049, NVIDIA A100-SXM4-40GB, 8468 MiB, 40960 MiB, 26
2024/12/27 02:19:28.049, NVIDIA A100-SXM4-40GB, 3244 MiB, 40960 MiB, 27
2024/12/27 02:19:38.128, NVIDIA A100-SXM4-40GB, 11240 MiB, 40960 MiB, 26
2024/12/27 02:19:38.129, NVIDIA A100-SXM4-40GB, 8468 MiB, 40960 MiB, 27
2024/12/27 02:19:38.129, NVIDIA A100-SXM4-40GB, 8468 MiB, 40960 MiB, 26
2024/12/27 02:19:38.129, NVIDIA A100-SXM4-40GB, 3244 MiB, 40960 MiB, 27
2024/12/27 02:19:48.198, NVIDIA A100-SXM4-40GB, 11428 MiB, 40960 MiB, 27
2024/12/27 02:19:48.199, NVIDIA A100-SXM4-40GB, 8636 MiB, 40960 MiB, 28
2024/12/27 02:19:48.199, NVIDIA A100-SXM4-40GB, 8636 MiB, 40960 MiB, 26
2024/12/27 02:19:48.199, NVIDIA A100-SXM4-40GB, 3340 MiB, 40960 MiB, 27
2024/12/27 02:19:58.268, NVIDIA A100-SXM4-40GB, 11428 MiB, 40960 MiB, 27
2024/12/27 02:19:58.268, NVIDIA A100-SXM4-40GB, 8636 MiB, 40960 MiB, 27
2024/12/27 02:19:58.269, NVIDIA A100-SXM4-40GB, 8636 MiB, 40960 MiB, 26
2024/12/27 02:19:58.269, NVIDIA A100-SXM4-40GB, 3340 MiB, 40960 MiB, 27
2024/12/27 02:20:08.339, NVIDIA A100-SXM4-40GB, 6948 MiB, 40960 MiB, 27
2024/12/27 02:20:08.340, NVIDIA A100-SXM4-40GB, 8412 MiB, 40960 MiB, 32
2024/12/27 02:20:08.340, NVIDIA A100-SXM4-40GB, 8412 MiB, 40960 MiB, 28
2024/12/27 02:20:08.340, NVIDIA A100-SXM4-40GB, 2574 MiB, 40960 MiB, 27
2024/12/27 02:20:18.409, NVIDIA A100-SXM4-40GB, 11958 MiB, 40960 MiB, 27
2024/12/27 02:20:18.409, NVIDIA A100-SXM4-40GB, 8636 MiB, 40960 MiB, 28
2024/12/27 02:20:18.409, NVIDIA A100-SXM4-40GB, 8636 MiB, 40960 MiB, 26
2024/12/27 02:20:18.409, NVIDIA A100-SXM4-40GB, 3352 MiB, 40960 MiB, 27
2024/12/27 02:20:28.478, NVIDIA A100-SXM4-40GB, 11958 MiB, 40960 MiB, 27
2024/12/27 02:20:28.479, NVIDIA A100-SXM4-40GB, 8636 MiB, 40960 MiB, 27
2024/12/27 02:20:28.479, NVIDIA A100-SXM4-40GB, 8636 MiB, 40960 MiB, 26
2024/12/27 02:20:28.479, NVIDIA A100-SXM4-40GB, 3352 MiB, 40960 MiB, 27
2024/12/27 02:20:38.548, NVIDIA A100-SXM4-40GB, 11670 MiB, 40960 MiB, 27
2024/12/27 02:20:38.548, NVIDIA A100-SXM4-40GB, 8636 MiB, 40960 MiB, 28
2024/12/27 02:20:38.549, NVIDIA A100-SXM4-40GB, 8636 MiB, 40960 MiB, 26
2024/12/27 02:20:38.549, NVIDIA A100-SXM4-40GB, 3352 MiB, 40960 MiB, 27
2024/12/27 02:20:48.619, NVIDIA A100-SXM4-40GB, 11670 MiB, 40960 MiB, 27
2024/12/27 02:20:48.619, NVIDIA A100-SXM4-40GB, 8636 MiB, 40960 MiB, 28
2024/12/27 02:20:48.619, NVIDIA A100-SXM4-40GB, 8636 MiB, 40960 MiB, 26
2024/12/27 02:20:48.620, NVIDIA A100-SXM4-40GB, 3352 MiB, 40960 MiB, 27
2024/12/27 02:20:58.688, NVIDIA A100-SXM4-40GB, 11670 MiB, 40960 MiB, 26
2024/12/27 02:20:58.689, NVIDIA A100-SXM4-40GB, 8636 MiB, 40960 MiB, 27
2024/12/27 02:20:58.689, NVIDIA A100-SXM4-40GB, 8636 MiB, 40960 MiB, 26
2024/12/27 02:20:58.689, NVIDIA A100-SXM4-40GB, 3352 MiB, 40960 MiB, 27
2024/12/27 02:21:08.758, NVIDIA A100-SXM4-40GB, 12480 MiB, 40960 MiB, 27
2024/12/27 02:21:08.759, NVIDIA A100-SXM4-40GB, 8636 MiB, 40960 MiB, 28
2024/12/27 02:21:08.759, NVIDIA A100-SXM4-40GB, 8636 MiB, 40960 MiB, 26
2024/12/27 02:21:08.759, NVIDIA A100-SXM4-40GB, 3352 MiB, 40960 MiB, 27
2024/12/27 02:21:18.828, NVIDIA A100-SXM4-40GB, 12480 MiB, 40960 MiB, 26
2024/12/27 02:21:18.829, NVIDIA A100-SXM4-40GB, 8636 MiB, 40960 MiB, 27
2024/12/27 02:21:18.829, NVIDIA A100-SXM4-40GB, 8636 MiB, 40960 MiB, 26
2024/12/27 02:21:18.829, NVIDIA A100-SXM4-40GB, 3352 MiB, 40960 MiB, 27
2024/12/27 02:21:28.927, NVIDIA A100-SXM4-40GB, 10474 MiB, 40960 MiB, 26
2024/12/27 02:21:28.928, NVIDIA A100-SXM4-40GB, 5066 MiB, 40960 MiB, 28
2024/12/27 02:21:28.928, NVIDIA A100-SXM4-40GB, 5210 MiB, 40960 MiB, 27
2024/12/27 02:21:28.928, NVIDIA A100-SXM4-40GB, 1990 MiB, 40960 MiB, 27
2024/12/27 02:21:39.256, NVIDIA A100-SXM4-40GB, 10474 MiB, 40960 MiB, 26
2024/12/27 02:21:39.256, NVIDIA A100-SXM4-40GB, 5114 MiB, 40960 MiB, 27
2024/12/27 02:21:39.256, NVIDIA A100-SXM4-40GB, 5316 MiB, 40960 MiB, 26
2024/12/27 02:21:39.257, NVIDIA A100-SXM4-40GB, 2084 MiB, 40960 MiB, 27
2024/12/27 02:21:49.394, NVIDIA A100-SXM4-40GB, 10474 MiB, 40960 MiB, 26
2024/12/27 02:21:49.395, NVIDIA A100-SXM4-40GB, 5114 MiB, 40960 MiB, 27
2024/12/27 02:21:49.395, NVIDIA A100-SXM4-40GB, 5316 MiB, 40960 MiB, 26
2024/12/27 02:21:49.395, NVIDIA A100-SXM4-40GB, 2084 MiB, 40960 MiB, 27
2024/12/27 02:21:59.503, NVIDIA A100-SXM4-40GB, 10474 MiB, 40960 MiB, 26
2024/12/27 02:21:59.503, NVIDIA A100-SXM4-40GB, 5114 MiB, 40960 MiB, 27
2024/12/27 02:21:59.503, NVIDIA A100-SXM4-40GB, 5316 MiB, 40960 MiB, 26
2024/12/27 02:21:59.503, NVIDIA A100-SXM4-40GB, 2084 MiB, 40960 MiB, 27
2024/12/27 02:22:09.599, NVIDIA A100-SXM4-40GB, 10474 MiB, 40960 MiB, 26
2024/12/27 02:22:09.599, NVIDIA A100-SXM4-40GB, 5114 MiB, 40960 MiB, 27
2024/12/27 02:22:09.599, NVIDIA A100-SXM4-40GB, 5316 MiB, 40960 MiB, 26
2024/12/27 02:22:09.599, NVIDIA A100-SXM4-40GB, 2084 MiB, 40960 MiB, 27
2024/12/27 02:22:19.668, NVIDIA A100-SXM4-40GB, 10474 MiB, 40960 MiB, 26
2024/12/27 02:22:19.668, NVIDIA A100-SXM4-40GB, 5114 MiB, 40960 MiB, 27
2024/12/27 02:22:19.668, NVIDIA A100-SXM4-40GB, 5316 MiB, 40960 MiB, 26
2024/12/27 02:22:19.668, NVIDIA A100-SXM4-40GB, 2084 MiB, 40960 MiB, 27
2024/12/27 02:22:29.738, NVIDIA A100-SXM4-40GB, 10434 MiB, 40960 MiB, 26
2024/12/27 02:22:29.739, NVIDIA A100-SXM4-40GB, 4750 MiB, 40960 MiB, 27
2024/12/27 02:22:29.739, NVIDIA A100-SXM4-40GB, 5022 MiB, 40960 MiB, 26
2024/12/27 02:22:29.739, NVIDIA A100-SXM4-40GB, 2008 MiB, 40960 MiB, 27
2024/12/27 02:22:39.835, NVIDIA A100-SXM4-40GB, 10434 MiB, 40960 MiB, 26
2024/12/27 02:22:39.835, NVIDIA A100-SXM4-40GB, 4750 MiB, 40960 MiB, 27
2024/12/27 02:22:39.835, NVIDIA A100-SXM4-40GB, 5022 MiB, 40960 MiB, 26
2024/12/27 02:22:39.835, NVIDIA A100-SXM4-40GB, 2008 MiB, 40960 MiB, 27
2024/12/27 02:22:49.948, NVIDIA A100-SXM4-40GB, 10434 MiB, 40960 MiB, 26
2024/12/27 02:22:49.948, NVIDIA A100-SXM4-40GB, 4750 MiB, 40960 MiB, 27
2024/12/27 02:22:49.948, NVIDIA A100-SXM4-40GB, 5022 MiB, 40960 MiB, 26
2024/12/27 02:22:49.948, NVIDIA A100-SXM4-40GB, 2008 MiB, 40960 MiB, 27
2024/12/27 02:23:00.079, NVIDIA A100-SXM4-40GB, 10434 MiB, 40960 MiB, 26
2024/12/27 02:23:00.080, NVIDIA A100-SXM4-40GB, 4750 MiB, 40960 MiB, 27
2024/12/27 02:23:00.080, NVIDIA A100-SXM4-40GB, 5022 MiB, 40960 MiB, 26
2024/12/27 02:23:00.080, NVIDIA A100-SXM4-40GB, 2008 MiB, 40960 MiB, 27
2024/12/27 02:23:10.200, NVIDIA A100-SXM4-40GB, 10434 MiB, 40960 MiB, 26
2024/12/27 02:23:10.200, NVIDIA A100-SXM4-40GB, 4750 MiB, 40960 MiB, 27
2024/12/27 02:23:10.200, NVIDIA A100-SXM4-40GB, 5022 MiB, 40960 MiB, 26
2024/12/27 02:23:10.200, NVIDIA A100-SXM4-40GB, 2008 MiB, 40960 MiB, 27
2024/12/27 02:23:20.267, NVIDIA A100-SXM4-40GB, 10470 MiB, 40960 MiB, 26
2024/12/27 02:23:20.267, NVIDIA A100-SXM4-40GB, 4846 MiB, 40960 MiB, 27
2024/12/27 02:23:20.267, NVIDIA A100-SXM4-40GB, 5126 MiB, 40960 MiB, 26
2024/12/27 02:23:20.267, NVIDIA A100-SXM4-40GB, 2040 MiB, 40960 MiB, 27
2024/12/27 02:23:30.391, NVIDIA A100-SXM4-40GB, 10470 MiB, 40960 MiB, 26
2024/12/27 02:23:30.391, NVIDIA A100-SXM4-40GB, 4846 MiB, 40960 MiB, 27
2024/12/27 02:23:30.391, NVIDIA A100-SXM4-40GB, 5126 MiB, 40960 MiB, 26
2024/12/27 02:23:30.391, NVIDIA A100-SXM4-40GB, 2040 MiB, 40960 MiB, 27
2024/12/27 02:23:40.492, NVIDIA A100-SXM4-40GB, 10470 MiB, 40960 MiB, 26
2024/12/27 02:23:40.492, NVIDIA A100-SXM4-40GB, 4846 MiB, 40960 MiB, 27
2024/12/27 02:23:40.492, NVIDIA A100-SXM4-40GB, 5126 MiB, 40960 MiB, 26
2024/12/27 02:23:40.492, NVIDIA A100-SXM4-40GB, 2040 MiB, 40960 MiB, 27
2024/12/27 02:23:50.598, NVIDIA A100-SXM4-40GB, 10470 MiB, 40960 MiB, 26
2024/12/27 02:23:50.598, NVIDIA A100-SXM4-40GB, 4846 MiB, 40960 MiB, 27
2024/12/27 02:23:50.598, NVIDIA A100-SXM4-40GB, 5126 MiB, 40960 MiB, 26
2024/12/27 02:23:50.598, NVIDIA A100-SXM4-40GB, 2040 MiB, 40960 MiB, 27
2024/12/27 02:24:00.726, NVIDIA A100-SXM4-40GB, 10470 MiB, 40960 MiB, 26
2024/12/27 02:24:00.727, NVIDIA A100-SXM4-40GB, 4846 MiB, 40960 MiB, 27
2024/12/27 02:24:00.727, NVIDIA A100-SXM4-40GB, 5126 MiB, 40960 MiB, 26
2024/12/27 02:24:00.727, NVIDIA A100-SXM4-40GB, 2040 MiB, 40960 MiB, 27
2024/12/27 02:24:10.797, NVIDIA A100-SXM4-40GB, 10396 MiB, 40960 MiB, 26
2024/12/27 02:24:10.798, NVIDIA A100-SXM4-40GB, 4846 MiB, 40960 MiB, 27
2024/12/27 02:24:10.798, NVIDIA A100-SXM4-40GB, 5126 MiB, 40960 MiB, 26
2024/12/27 02:24:10.798, NVIDIA A100-SXM4-40GB, 2040 MiB, 40960 MiB, 27
2024/12/27 02:24:20.867, NVIDIA A100-SXM4-40GB, 10512 MiB, 40960 MiB, 26
2024/12/27 02:24:20.868, NVIDIA A100-SXM4-40GB, 4942 MiB, 40960 MiB, 27
2024/12/27 02:24:20.868, NVIDIA A100-SXM4-40GB, 5228 MiB, 40960 MiB, 26
2024/12/27 02:24:20.868, NVIDIA A100-SXM4-40GB, 2068 MiB, 40960 MiB, 27
2024/12/27 02:24:30.965, NVIDIA A100-SXM4-40GB, 10512 MiB, 40960 MiB, 26
2024/12/27 02:24:30.965, NVIDIA A100-SXM4-40GB, 4942 MiB, 40960 MiB, 27
2024/12/27 02:24:30.965, NVIDIA A100-SXM4-40GB, 5228 MiB, 40960 MiB, 26
2024/12/27 02:24:30.965, NVIDIA A100-SXM4-40GB, 2068 MiB, 40960 MiB, 27
2024/12/27 02:24:41.096, NVIDIA A100-SXM4-40GB, 10512 MiB, 40960 MiB, 26
2024/12/27 02:24:41.097, NVIDIA A100-SXM4-40GB, 4942 MiB, 40960 MiB, 27
2024/12/27 02:24:41.097, NVIDIA A100-SXM4-40GB, 5228 MiB, 40960 MiB, 26
2024/12/27 02:24:41.097, NVIDIA A100-SXM4-40GB, 2068 MiB, 40960 MiB, 27
2024/12/27 02:24:51.215, NVIDIA A100-SXM4-40GB, 10512 MiB, 40960 MiB, 26
2024/12/27 02:24:51.215, NVIDIA A100-SXM4-40GB, 4942 MiB, 40960 MiB, 27
2024/12/27 02:24:51.215, NVIDIA A100-SXM4-40GB, 5228 MiB, 40960 MiB, 26
2024/12/27 02:24:51.215, NVIDIA A100-SXM4-40GB, 2068 MiB, 40960 MiB, 27
2024/12/27 02:25:01.345, NVIDIA A100-SXM4-40GB, 10512 MiB, 40960 MiB, 26
2024/12/27 02:25:01.346, NVIDIA A100-SXM4-40GB, 4942 MiB, 40960 MiB, 27
2024/12/27 02:25:01.346, NVIDIA A100-SXM4-40GB, 5228 MiB, 40960 MiB, 26
2024/12/27 02:25:01.346, NVIDIA A100-SXM4-40GB, 2068 MiB, 40960 MiB, 27
2024/12/27 02:25:11.429, NVIDIA A100-SXM4-40GB, 10544 MiB, 40960 MiB, 26
2024/12/27 02:25:11.429, NVIDIA A100-SXM4-40GB, 5014 MiB, 40960 MiB, 27
2024/12/27 02:25:11.430, NVIDIA A100-SXM4-40GB, 5300 MiB, 40960 MiB, 26
2024/12/27 02:25:11.430, NVIDIA A100-SXM4-40GB, 2088 MiB, 40960 MiB, 27
2024/12/27 02:25:21.544, NVIDIA A100-SXM4-40GB, 10556 MiB, 40960 MiB, 26
2024/12/27 02:25:21.545, NVIDIA A100-SXM4-40GB, 5040 MiB, 40960 MiB, 27
2024/12/27 02:25:21.545, NVIDIA A100-SXM4-40GB, 5330 MiB, 40960 MiB, 26
2024/12/27 02:25:21.545, NVIDIA A100-SXM4-40GB, 2096 MiB, 40960 MiB, 27
2024/12/27 02:25:31.677, NVIDIA A100-SXM4-40GB, 10556 MiB, 40960 MiB, 26
2024/12/27 02:25:31.678, NVIDIA A100-SXM4-40GB, 5040 MiB, 40960 MiB, 27
2024/12/27 02:25:31.678, NVIDIA A100-SXM4-40GB, 5330 MiB, 40960 MiB, 26
2024/12/27 02:25:31.678, NVIDIA A100-SXM4-40GB, 2096 MiB, 40960 MiB, 27
2024/12/27 02:25:41.813, NVIDIA A100-SXM4-40GB, 10556 MiB, 40960 MiB, 26
2024/12/27 02:25:41.814, NVIDIA A100-SXM4-40GB, 5040 MiB, 40960 MiB, 27
2024/12/27 02:25:41.814, NVIDIA A100-SXM4-40GB, 5330 MiB, 40960 MiB, 26
2024/12/27 02:25:41.814, NVIDIA A100-SXM4-40GB, 2096 MiB, 40960 MiB, 27
2024/12/27 02:25:51.915, NVIDIA A100-SXM4-40GB, 10556 MiB, 40960 MiB, 26
2024/12/27 02:25:51.915, NVIDIA A100-SXM4-40GB, 5040 MiB, 40960 MiB, 27
2024/12/27 02:25:51.915, NVIDIA A100-SXM4-40GB, 5330 MiB, 40960 MiB, 26
2024/12/27 02:25:51.915, NVIDIA A100-SXM4-40GB, 2096 MiB, 40960 MiB, 27
2024/12/27 02:26:02.025, NVIDIA A100-SXM4-40GB, 10556 MiB, 40960 MiB, 26
2024/12/27 02:26:02.025, NVIDIA A100-SXM4-40GB, 5040 MiB, 40960 MiB, 27
2024/12/27 02:26:02.025, NVIDIA A100-SXM4-40GB, 5330 MiB, 40960 MiB, 26
2024/12/27 02:26:02.025, NVIDIA A100-SXM4-40GB, 2096 MiB, 40960 MiB, 27
2024/12/27 02:26:12.128, NVIDIA A100-SXM4-40GB, 10604 MiB, 40960 MiB, 26
2024/12/27 02:26:12.129, NVIDIA A100-SXM4-40GB, 5140 MiB, 40960 MiB, 27
2024/12/27 02:26:12.129, NVIDIA A100-SXM4-40GB, 5430 MiB, 40960 MiB, 26
2024/12/27 02:26:12.129, NVIDIA A100-SXM4-40GB, 2120 MiB, 40960 MiB, 27
2024/12/27 02:26:22.226, NVIDIA A100-SXM4-40GB, 10604 MiB, 40960 MiB, 26
2024/12/27 02:26:22.226, NVIDIA A100-SXM4-40GB, 5140 MiB, 40960 MiB, 27
2024/12/27 02:26:22.226, NVIDIA A100-SXM4-40GB, 5430 MiB, 40960 MiB, 26
2024/12/27 02:26:22.227, NVIDIA A100-SXM4-40GB, 2120 MiB, 40960 MiB, 27
2024/12/27 02:26:32.338, NVIDIA A100-SXM4-40GB, 10604 MiB, 40960 MiB, 27
2024/12/27 02:26:32.339, NVIDIA A100-SXM4-40GB, 5140 MiB, 40960 MiB, 27
2024/12/27 02:26:32.339, NVIDIA A100-SXM4-40GB, 5430 MiB, 40960 MiB, 26
2024/12/27 02:26:32.339, NVIDIA A100-SXM4-40GB, 2120 MiB, 40960 MiB, 27
2024/12/27 02:26:42.423, NVIDIA A100-SXM4-40GB, 10604 MiB, 40960 MiB, 27
2024/12/27 02:26:42.424, NVIDIA A100-SXM4-40GB, 5140 MiB, 40960 MiB, 27
2024/12/27 02:26:42.424, NVIDIA A100-SXM4-40GB, 5430 MiB, 40960 MiB, 26
2024/12/27 02:26:42.424, NVIDIA A100-SXM4-40GB, 2120 MiB, 40960 MiB, 27
2024/12/27 02:26:52.541, NVIDIA A100-SXM4-40GB, 10604 MiB, 40960 MiB, 27
2024/12/27 02:26:52.542, NVIDIA A100-SXM4-40GB, 5140 MiB, 40960 MiB, 27
2024/12/27 02:26:52.542, NVIDIA A100-SXM4-40GB, 5430 MiB, 40960 MiB, 26
2024/12/27 02:26:52.542, NVIDIA A100-SXM4-40GB, 2120 MiB, 40960 MiB, 27
2024/12/27 02:27:02.608, NVIDIA A100-SXM4-40GB, 10604 MiB, 40960 MiB, 27
2024/12/27 02:27:02.608, NVIDIA A100-SXM4-40GB, 5140 MiB, 40960 MiB, 27
2024/12/27 02:27:02.609, NVIDIA A100-SXM4-40GB, 5430 MiB, 40960 MiB, 26
2024/12/27 02:27:02.609, NVIDIA A100-SXM4-40GB, 2120 MiB, 40960 MiB, 27
2024/12/27 02:27:12.704, NVIDIA A100-SXM4-40GB, 10654 MiB, 40960 MiB, 27
2024/12/27 02:27:12.704, NVIDIA A100-SXM4-40GB, 5240 MiB, 40960 MiB, 27
2024/12/27 02:27:12.704, NVIDIA A100-SXM4-40GB, 5524 MiB, 40960 MiB, 26
2024/12/27 02:27:12.704, NVIDIA A100-SXM4-40GB, 2144 MiB, 40960 MiB, 27
2024/12/27 02:27:22.796, NVIDIA A100-SXM4-40GB, 10654 MiB, 40960 MiB, 26
2024/12/27 02:27:22.796, NVIDIA A100-SXM4-40GB, 5240 MiB, 40960 MiB, 27
2024/12/27 02:27:22.797, NVIDIA A100-SXM4-40GB, 5524 MiB, 40960 MiB, 26
2024/12/27 02:27:22.797, NVIDIA A100-SXM4-40GB, 2144 MiB, 40960 MiB, 27
2024/12/27 02:27:32.928, NVIDIA A100-SXM4-40GB, 10654 MiB, 40960 MiB, 26
2024/12/27 02:27:32.928, NVIDIA A100-SXM4-40GB, 5240 MiB, 40960 MiB, 27
2024/12/27 02:27:32.928, NVIDIA A100-SXM4-40GB, 5524 MiB, 40960 MiB, 26
2024/12/27 02:27:32.928, NVIDIA A100-SXM4-40GB, 2144 MiB, 40960 MiB, 27
2024/12/27 02:27:43.032, NVIDIA A100-SXM4-40GB, 10654 MiB, 40960 MiB, 26
2024/12/27 02:27:43.032, NVIDIA A100-SXM4-40GB, 5240 MiB, 40960 MiB, 27
2024/12/27 02:27:43.032, NVIDIA A100-SXM4-40GB, 5524 MiB, 40960 MiB, 26
2024/12/27 02:27:43.032, NVIDIA A100-SXM4-40GB, 2144 MiB, 40960 MiB, 27
2024/12/27 02:27:53.138, NVIDIA A100-SXM4-40GB, 10654 MiB, 40960 MiB, 26
2024/12/27 02:27:53.138, NVIDIA A100-SXM4-40GB, 5240 MiB, 40960 MiB, 27
2024/12/27 02:27:53.138, NVIDIA A100-SXM4-40GB, 5524 MiB, 40960 MiB, 26
2024/12/27 02:27:53.138, NVIDIA A100-SXM4-40GB, 2144 MiB, 40960 MiB, 27
2024/12/27 02:28:03.209, NVIDIA A100-SXM4-40GB, 10654 MiB, 40960 MiB, 26
2024/12/27 02:28:03.209, NVIDIA A100-SXM4-40GB, 5240 MiB, 40960 MiB, 27
2024/12/27 02:28:03.209, NVIDIA A100-SXM4-40GB, 5524 MiB, 40960 MiB, 26
2024/12/27 02:28:03.209, NVIDIA A100-SXM4-40GB, 2144 MiB, 40960 MiB, 27
2024/12/27 02:28:13.279, NVIDIA A100-SXM4-40GB, 10704 MiB, 40960 MiB, 27
2024/12/27 02:28:13.280, NVIDIA A100-SXM4-40GB, 5342 MiB, 40960 MiB, 27
2024/12/27 02:28:13.280, NVIDIA A100-SXM4-40GB, 5620 MiB, 40960 MiB, 26
2024/12/27 02:28:13.280, NVIDIA A100-SXM4-40GB, 2164 MiB, 40960 MiB, 27
2024/12/27 02:28:23.385, NVIDIA A100-SXM4-40GB, 10704 MiB, 40960 MiB, 26
2024/12/27 02:28:23.385, NVIDIA A100-SXM4-40GB, 5342 MiB, 40960 MiB, 27
2024/12/27 02:28:23.386, NVIDIA A100-SXM4-40GB, 5620 MiB, 40960 MiB, 26
2024/12/27 02:28:23.386, NVIDIA A100-SXM4-40GB, 2164 MiB, 40960 MiB, 27
2024/12/27 02:28:33.486, NVIDIA A100-SXM4-40GB, 10704 MiB, 40960 MiB, 26
2024/12/27 02:28:33.486, NVIDIA A100-SXM4-40GB, 5342 MiB, 40960 MiB, 27
2024/12/27 02:28:33.486, NVIDIA A100-SXM4-40GB, 5620 MiB, 40960 MiB, 26
2024/12/27 02:28:33.487, NVIDIA A100-SXM4-40GB, 2164 MiB, 40960 MiB, 27
2024/12/27 02:28:43.580, NVIDIA A100-SXM4-40GB, 10704 MiB, 40960 MiB, 26
2024/12/27 02:28:43.581, NVIDIA A100-SXM4-40GB, 5342 MiB, 40960 MiB, 27
2024/12/27 02:28:43.581, NVIDIA A100-SXM4-40GB, 5620 MiB, 40960 MiB, 26
2024/12/27 02:28:43.581, NVIDIA A100-SXM4-40GB, 2164 MiB, 40960 MiB, 27
2024/12/27 02:28:53.681, NVIDIA A100-SXM4-40GB, 10704 MiB, 40960 MiB, 26
2024/12/27 02:28:53.681, NVIDIA A100-SXM4-40GB, 5342 MiB, 40960 MiB, 27
2024/12/27 02:28:53.681, NVIDIA A100-SXM4-40GB, 5620 MiB, 40960 MiB, 26
2024/12/27 02:28:53.681, NVIDIA A100-SXM4-40GB, 2164 MiB, 40960 MiB, 27
2024/12/27 02:29:03.757, NVIDIA A100-SXM4-40GB, 10704 MiB, 40960 MiB, 26
2024/12/27 02:29:03.758, NVIDIA A100-SXM4-40GB, 5342 MiB, 40960 MiB, 27
2024/12/27 02:29:03.758, NVIDIA A100-SXM4-40GB, 5620 MiB, 40960 MiB, 26
2024/12/27 02:29:03.758, NVIDIA A100-SXM4-40GB, 2164 MiB, 40960 MiB, 27
2024/12/27 02:29:13.839, NVIDIA A100-SXM4-40GB, 10676 MiB, 40960 MiB, 26
2024/12/27 02:29:13.839, NVIDIA A100-SXM4-40GB, 5284 MiB, 40960 MiB, 27
2024/12/27 02:29:13.840, NVIDIA A100-SXM4-40GB, 5566 MiB, 40960 MiB, 26
2024/12/27 02:29:13.840, NVIDIA A100-SXM4-40GB, 2152 MiB, 40960 MiB, 27
2024/12/27 02:29:24.488, NVIDIA A100-SXM4-40GB, 10758 MiB, 40960 MiB, 27
2024/12/27 02:29:24.488, NVIDIA A100-SXM4-40GB, 5444 MiB, 40960 MiB, 27
2024/12/27 02:29:24.489, NVIDIA A100-SXM4-40GB, 5714 MiB, 40960 MiB, 26
2024/12/27 02:29:24.489, NVIDIA A100-SXM4-40GB, 2186 MiB, 40960 MiB, 27
2024/12/27 02:29:34.585, NVIDIA A100-SXM4-40GB, 10758 MiB, 40960 MiB, 27
2024/12/27 02:29:34.585, NVIDIA A100-SXM4-40GB, 5444 MiB, 40960 MiB, 27
2024/12/27 02:29:34.585, NVIDIA A100-SXM4-40GB, 5714 MiB, 40960 MiB, 26
2024/12/27 02:29:34.585, NVIDIA A100-SXM4-40GB, 2186 MiB, 40960 MiB, 27
2024/12/27 02:29:44.705, NVIDIA A100-SXM4-40GB, 10758 MiB, 40960 MiB, 26
2024/12/27 02:29:44.706, NVIDIA A100-SXM4-40GB, 5444 MiB, 40960 MiB, 27
2024/12/27 02:29:44.706, NVIDIA A100-SXM4-40GB, 5714 MiB, 40960 MiB, 26
2024/12/27 02:29:44.706, NVIDIA A100-SXM4-40GB, 2186 MiB, 40960 MiB, 27
2024/12/27 02:29:54.802, NVIDIA A100-SXM4-40GB, 10758 MiB, 40960 MiB, 26
2024/12/27 02:29:54.802, NVIDIA A100-SXM4-40GB, 5444 MiB, 40960 MiB, 27
2024/12/27 02:29:54.803, NVIDIA A100-SXM4-40GB, 5714 MiB, 40960 MiB, 26
2024/12/27 02:29:54.803, NVIDIA A100-SXM4-40GB, 2186 MiB, 40960 MiB, 27
2024/12/27 02:30:04.938, NVIDIA A100-SXM4-40GB, 10758 MiB, 40960 MiB, 26
2024/12/27 02:30:04.939, NVIDIA A100-SXM4-40GB, 5444 MiB, 40960 MiB, 27
2024/12/27 02:30:04.939, NVIDIA A100-SXM4-40GB, 5714 MiB, 40960 MiB, 26
2024/12/27 02:30:04.939, NVIDIA A100-SXM4-40GB, 2186 MiB, 40960 MiB, 27
2024/12/27 02:30:15.009, NVIDIA A100-SXM4-40GB, 10450 MiB, 40960 MiB, 26
2024/12/27 02:30:15.010, NVIDIA A100-SXM4-40GB, 4796 MiB, 40960 MiB, 27
2024/12/27 02:30:15.010, NVIDIA A100-SXM4-40GB, 5074 MiB, 40960 MiB, 26
2024/12/27 02:30:15.010, NVIDIA A100-SXM4-40GB, 2024 MiB, 40960 MiB, 27
2024/12/27 02:30:25.079, NVIDIA A100-SXM4-40GB, 10812 MiB, 40960 MiB, 27
2024/12/27 02:30:25.080, NVIDIA A100-SXM4-40GB, 5548 MiB, 40960 MiB, 27
2024/12/27 02:30:25.080, NVIDIA A100-SXM4-40GB, 5806 MiB, 40960 MiB, 26
2024/12/27 02:30:25.080, NVIDIA A100-SXM4-40GB, 2206 MiB, 40960 MiB, 27
2024/12/27 02:30:35.215, NVIDIA A100-SXM4-40GB, 10812 MiB, 40960 MiB, 27
2024/12/27 02:30:35.215, NVIDIA A100-SXM4-40GB, 5548 MiB, 40960 MiB, 27
2024/12/27 02:30:35.215, NVIDIA A100-SXM4-40GB, 5806 MiB, 40960 MiB, 26
2024/12/27 02:30:35.215, NVIDIA A100-SXM4-40GB, 2206 MiB, 40960 MiB, 27
2024/12/27 02:30:45.334, NVIDIA A100-SXM4-40GB, 10812 MiB, 40960 MiB, 27
2024/12/27 02:30:45.334, NVIDIA A100-SXM4-40GB, 5548 MiB, 40960 MiB, 27
2024/12/27 02:30:45.334, NVIDIA A100-SXM4-40GB, 5806 MiB, 40960 MiB, 26
2024/12/27 02:30:45.335, NVIDIA A100-SXM4-40GB, 2206 MiB, 40960 MiB, 27
2024/12/27 02:30:55.435, NVIDIA A100-SXM4-40GB, 10812 MiB, 40960 MiB, 26
2024/12/27 02:30:55.436, NVIDIA A100-SXM4-40GB, 5548 MiB, 40960 MiB, 27
2024/12/27 02:30:55.436, NVIDIA A100-SXM4-40GB, 5806 MiB, 40960 MiB, 26
2024/12/27 02:30:55.436, NVIDIA A100-SXM4-40GB, 2206 MiB, 40960 MiB, 27
2024/12/27 02:31:05.539, NVIDIA A100-SXM4-40GB, 10812 MiB, 40960 MiB, 26
2024/12/27 02:31:05.539, NVIDIA A100-SXM4-40GB, 5548 MiB, 40960 MiB, 27
2024/12/27 02:31:05.539, NVIDIA A100-SXM4-40GB, 5806 MiB, 40960 MiB, 26
2024/12/27 02:31:05.539, NVIDIA A100-SXM4-40GB, 2206 MiB, 40960 MiB, 27
2024/12/27 02:31:15.658, NVIDIA A100-SXM4-40GB, 10812 MiB, 40960 MiB, 26
2024/12/27 02:31:15.658, NVIDIA A100-SXM4-40GB, 5548 MiB, 40960 MiB, 27
2024/12/27 02:31:15.658, NVIDIA A100-SXM4-40GB, 5806 MiB, 40960 MiB, 26
2024/12/27 02:31:15.658, NVIDIA A100-SXM4-40GB, 2206 MiB, 40960 MiB, 27
2024/12/27 02:31:25.738, NVIDIA A100-SXM4-40GB, 10396 MiB, 40960 MiB, 27
2024/12/27 02:31:25.738, NVIDIA A100-SXM4-40GB, 6930 MiB, 40960 MiB, 27
2024/12/27 02:31:25.739, NVIDIA A100-SXM4-40GB, 6390 MiB, 40960 MiB, 26
2024/12/27 02:31:25.739, NVIDIA A100-SXM4-40GB, 2320 MiB, 40960 MiB, 27
2024/12/27 02:31:35.855, NVIDIA A100-SXM4-40GB, 10396 MiB, 40960 MiB, 27
2024/12/27 02:31:35.856, NVIDIA A100-SXM4-40GB, 7802 MiB, 40960 MiB, 27
2024/12/27 02:31:35.856, NVIDIA A100-SXM4-40GB, 7810 MiB, 40960 MiB, 26
2024/12/27 02:31:35.856, NVIDIA A100-SXM4-40GB, 2736 MiB, 40960 MiB, 27
2024/12/27 02:31:45.975, NVIDIA A100-SXM4-40GB, 10396 MiB, 40960 MiB, 27
2024/12/27 02:31:45.975, NVIDIA A100-SXM4-40GB, 7802 MiB, 40960 MiB, 27
2024/12/27 02:31:45.975, NVIDIA A100-SXM4-40GB, 7810 MiB, 40960 MiB, 26
2024/12/27 02:31:45.975, NVIDIA A100-SXM4-40GB, 2736 MiB, 40960 MiB, 27
2024/12/27 02:31:56.106, NVIDIA A100-SXM4-40GB, 10396 MiB, 40960 MiB, 26
2024/12/27 02:31:56.106, NVIDIA A100-SXM4-40GB, 7802 MiB, 40960 MiB, 27
2024/12/27 02:31:56.106, NVIDIA A100-SXM4-40GB, 7810 MiB, 40960 MiB, 26
2024/12/27 02:31:56.106, NVIDIA A100-SXM4-40GB, 2736 MiB, 40960 MiB, 27
2024/12/27 02:32:06.210, NVIDIA A100-SXM4-40GB, 10396 MiB, 40960 MiB, 27
2024/12/27 02:32:06.210, NVIDIA A100-SXM4-40GB, 7802 MiB, 40960 MiB, 27
2024/12/27 02:32:06.210, NVIDIA A100-SXM4-40GB, 7810 MiB, 40960 MiB, 26
2024/12/27 02:32:06.211, NVIDIA A100-SXM4-40GB, 2736 MiB, 40960 MiB, 27
2024/12/27 02:32:16.307, NVIDIA A100-SXM4-40GB, 10396 MiB, 40960 MiB, 27
2024/12/27 02:32:16.307, NVIDIA A100-SXM4-40GB, 7802 MiB, 40960 MiB, 27
2024/12/27 02:32:16.308, NVIDIA A100-SXM4-40GB, 7810 MiB, 40960 MiB, 26
2024/12/27 02:32:16.308, NVIDIA A100-SXM4-40GB, 2736 MiB, 40960 MiB, 27
2024/12/27 02:32:26.376, NVIDIA A100-SXM4-40GB, 10396 MiB, 40960 MiB, 27
2024/12/27 02:32:26.376, NVIDIA A100-SXM4-40GB, 8202 MiB, 40960 MiB, 27
2024/12/27 02:32:26.377, NVIDIA A100-SXM4-40GB, 7810 MiB, 40960 MiB, 26
2024/12/27 02:32:26.377, NVIDIA A100-SXM4-40GB, 2736 MiB, 40960 MiB, 27
2024/12/27 02:32:36.456, NVIDIA A100-SXM4-40GB, 10396 MiB, 40960 MiB, 27
2024/12/27 02:32:36.456, NVIDIA A100-SXM4-40GB, 9074 MiB, 40960 MiB, 27
2024/12/27 02:32:36.456, NVIDIA A100-SXM4-40GB, 9250 MiB, 40960 MiB, 26
2024/12/27 02:32:36.456, NVIDIA A100-SXM4-40GB, 3304 MiB, 40960 MiB, 27
2024/12/27 02:32:46.552, NVIDIA A100-SXM4-40GB, 10396 MiB, 40960 MiB, 26
2024/12/27 02:32:46.553, NVIDIA A100-SXM4-40GB, 7534 MiB, 40960 MiB, 27
2024/12/27 02:32:46.553, NVIDIA A100-SXM4-40GB, 7666 MiB, 40960 MiB, 26
2024/12/27 02:32:46.553, NVIDIA A100-SXM4-40GB, 2854 MiB, 40960 MiB, 27
